sessionid;session_date;visible;split;subjectid;subject;s_cat;female;age;domain;eval_in;eval_out
d9grep4c;2019-10-25;Yes;5:5;4pj0sqgq;1;1;1;20;belong;2;2
d9grep4c;2019-10-25;Yes;5:5;4pj0sqgq;1;1;1;20;common;2;2
d9grep4c;2019-10-25;Yes;5:5;4pj0sqgq;1;1;1;20;liking;2;2
d9grep4c;2019-10-25;Yes;5:5;4pj0sqgq;1;1;1;20;close;2;2
d9grep4c;2019-10-25;Yes;5:5;zu28yj4d;2;2;1;21;belong;5;2
d9grep4c;2019-10-25;Yes;5:5;zu28yj4d;2;2;1;21;common;4;2
d9grep4c;2019-10-25;Yes;5:5;zu28yj4d;2;2;1;21;liking;4;3
d9grep4c;2019-10-25;Yes;5:5;zu28yj4d;2;2;1;21;close;2;2
d9grep4c;2019-10-25;Yes;5:5;e99tzscb;3;1;0;23;belong;7;5
d9grep4c;2019-10-25;Yes;5:5;e99tzscb;3;1;0;23;common;6;5
d9grep4c;2019-10-25;Yes;5:5;e99tzscb;3;1;0;23;liking;7;5
d9grep4c;2019-10-25;Yes;5:5;e99tzscb;3;1;0;23;close;5;5
d9grep4c;2019-10-25;Yes;5:5;yljdywa9;4;2;0;24;belong;3;2
d9grep4c;2019-10-25;Yes;5:5;yljdywa9;4;2;0;24;common;3;3
d9grep4c;2019-10-25;Yes;5:5;yljdywa9;4;2;0;24;liking;4;3
d9grep4c;2019-10-25;Yes;5:5;yljdywa9;4;2;0;24;close;3;3
d9grep4c;2019-10-25;Yes;5:5;4sn9pk43;5;2;1;27;belong;7;3
d9grep4c;2019-10-25;Yes;5:5;4sn9pk43;5;2;1;27;common;7;3
d9grep4c;2019-10-25;Yes;5:5;4sn9pk43;5;2;1;27;liking;7;3
d9grep4c;2019-10-25;Yes;5:5;4sn9pk43;5;2;1;27;close;7;3
d9grep4c;2019-10-25;Yes;5:5;0xwhhw8k;6;2;1;19;belong;4;4
d9grep4c;2019-10-25;Yes;5:5;0xwhhw8k;6;2;1;19;common;4;4
d9grep4c;2019-10-25;Yes;5:5;0xwhhw8k;6;2;1;19;liking;4;4
d9grep4c;2019-10-25;Yes;5:5;0xwhhw8k;6;2;1;19;close;4;4
d9grep4c;2019-10-25;Yes;5:5;74evrgw9;7;1;0;19;belong;2;2
d9grep4c;2019-10-25;Yes;5:5;74evrgw9;7;1;0;19;common;2;2
d9grep4c;2019-10-25;Yes;5:5;74evrgw9;7;1;0;19;liking;4;4
d9grep4c;2019-10-25;Yes;5:5;74evrgw9;7;1;0;19;close;2;2
d9grep4c;2019-10-25;Yes;5:5;h44txp63;8;1;1;20;belong;6;1
d9grep4c;2019-10-25;Yes;5:5;h44txp63;8;1;1;20;common;4;4
d9grep4c;2019-10-25;Yes;5:5;h44txp63;8;1;1;20;liking;5;4
d9grep4c;2019-10-25;Yes;5:5;h44txp63;8;1;1;20;close;4;1
d9grep4c;2019-10-25;Yes;5:5;2k1dp82y;9;1;0;21;belong;6;1
d9grep4c;2019-10-25;Yes;5:5;2k1dp82y;9;1;0;21;common;4;4
d9grep4c;2019-10-25;Yes;5:5;2k1dp82y;9;1;0;21;liking;5;5
d9grep4c;2019-10-25;Yes;5:5;2k1dp82y;9;1;0;21;close;4;2
d9grep4c;2019-10-25;Yes;5:5;v3lltz30;10;2;0;20;belong;2;3
d9grep4c;2019-10-25;Yes;5:5;v3lltz30;10;2;0;20;common;2;3
d9grep4c;2019-10-25;Yes;5:5;v3lltz30;10;2;0;20;liking;4;5
d9grep4c;2019-10-25;Yes;5:5;v3lltz30;10;2;0;20;close;3;4
quldpepe;2019-10-26;No;5:5;eyi5qmuz;1;2;1;19;belong;3;5
quldpepe;2019-10-26;No;5:5;eyi5qmuz;1;2;1;19;common;3;4
quldpepe;2019-10-26;No;5:5;eyi5qmuz;1;2;1;19;liking;4;5
quldpepe;2019-10-26;No;5:5;eyi5qmuz;1;2;1;19;close;3;4
quldpepe;2019-10-26;No;5:5;0yf56sw6;2;2;1;21;belong;5;1
quldpepe;2019-10-26;No;5:5;0yf56sw6;2;2;1;21;common;5;4
quldpepe;2019-10-26;No;5:5;0yf56sw6;2;2;1;21;liking;6;4
quldpepe;2019-10-26;No;5:5;0yf56sw6;2;2;1;21;close;5;2
quldpepe;2019-10-26;No;5:5;ipikwbuk;3;2;0;21;belong;2;1
quldpepe;2019-10-26;No;5:5;ipikwbuk;3;2;0;21;common;3;2
quldpepe;2019-10-26;No;5:5;ipikwbuk;3;2;0;21;liking;5;3
quldpepe;2019-10-26;No;5:5;ipikwbuk;3;2;0;21;close;1;1
quldpepe;2019-10-26;No;5:5;50cgwcwz;4;2;1;23;belong;2;1
quldpepe;2019-10-26;No;5:5;50cgwcwz;4;2;1;23;common;1;2
quldpepe;2019-10-26;No;5:5;50cgwcwz;4;2;1;23;liking;4;5
quldpepe;2019-10-26;No;5:5;50cgwcwz;4;2;1;23;close;2;1
quldpepe;2019-10-26;No;5:5;vp3hvwwt;5;1;0;22;belong;1;1
quldpepe;2019-10-26;No;5:5;vp3hvwwt;5;1;0;22;common;1;3
quldpepe;2019-10-26;No;5:5;vp3hvwwt;5;1;0;22;liking;4;4
quldpepe;2019-10-26;No;5:5;vp3hvwwt;5;1;0;22;close;1;1
quldpepe;2019-10-26;No;5:5;moayc0nu;6;1;1;24;belong;6;5
quldpepe;2019-10-26;No;5:5;moayc0nu;6;1;1;24;common;5;4
quldpepe;2019-10-26;No;5:5;moayc0nu;6;1;1;24;liking;6;7
quldpepe;2019-10-26;No;5:5;moayc0nu;6;1;1;24;close;6;6
quldpepe;2019-10-26;No;5:5;a7idytak;7;2;1;23;belong;2;2
quldpepe;2019-10-26;No;5:5;a7idytak;7;2;1;23;common;2;2
quldpepe;2019-10-26;No;5:5;a7idytak;7;2;1;23;liking;2;2
quldpepe;2019-10-26;No;5:5;a7idytak;7;2;1;23;close;2;2
quldpepe;2019-10-26;No;5:5;xs8huvye;8;1;1;23;belong;3;1
quldpepe;2019-10-26;No;5:5;xs8huvye;8;1;1;23;common;3;3
quldpepe;2019-10-26;No;5:5;xs8huvye;8;1;1;23;liking;4;5
quldpepe;2019-10-26;No;5:5;xs8huvye;8;1;1;23;close;2;4
quldpepe;2019-10-26;No;5:5;yygb8jmz;9;1;0;20;belong;4;1
quldpepe;2019-10-26;No;5:5;yygb8jmz;9;1;0;20;common;1;6
quldpepe;2019-10-26;No;5:5;yygb8jmz;9;1;0;20;liking;4;6
quldpepe;2019-10-26;No;5:5;yygb8jmz;9;1;0;20;close;1;4
quldpepe;2019-10-26;No;5:5;1g4xbz8b;10;1;1;27;belong;6;1
quldpepe;2019-10-26;No;5:5;1g4xbz8b;10;1;1;27;common;5;1
quldpepe;2019-10-26;No;5:5;1g4xbz8b;10;1;1;27;liking;6;3
quldpepe;2019-10-26;No;5:5;1g4xbz8b;10;1;1;27;close;5;1
dsrvh3k0;2019-10-25;Yes;6:4;7g7i17yo;1;2;0;22;belong;5;3
dsrvh3k0;2019-10-25;Yes;6:4;7g7i17yo;1;2;0;22;common;4;3
dsrvh3k0;2019-10-25;Yes;6:4;7g7i17yo;1;2;0;22;liking;5;5
dsrvh3k0;2019-10-25;Yes;6:4;7g7i17yo;1;2;0;22;close;5;4
dsrvh3k0;2019-10-25;Yes;6:4;7cvrto9u;2;1;1;27;belong;4;1
dsrvh3k0;2019-10-25;Yes;6:4;7cvrto9u;2;1;1;27;common;3;2
dsrvh3k0;2019-10-25;Yes;6:4;7cvrto9u;2;1;1;27;liking;3;2
dsrvh3k0;2019-10-25;Yes;6:4;7cvrto9u;2;1;1;27;close;3;2
dsrvh3k0;2019-10-25;Yes;6:4;6pcaidrb;3;2;1;19;belong;6;1
dsrvh3k0;2019-10-25;Yes;6:4;6pcaidrb;3;2;1;19;common;4;4
dsrvh3k0;2019-10-25;Yes;6:4;6pcaidrb;3;2;1;19;liking;7;5
dsrvh3k0;2019-10-25;Yes;6:4;6pcaidrb;3;2;1;19;close;6;4
dsrvh3k0;2019-10-25;Yes;6:4;j36yf2z4;4;2;0;19;belong;7;1
dsrvh3k0;2019-10-25;Yes;6:4;j36yf2z4;4;2;0;19;common;3;4
dsrvh3k0;2019-10-25;Yes;6:4;j36yf2z4;4;2;0;19;liking;5;7
dsrvh3k0;2019-10-25;Yes;6:4;j36yf2z4;4;2;0;19;close;6;2
dsrvh3k0;2019-10-25;Yes;6:4;nore2rmm;5;1;0;20;belong;1;1
dsrvh3k0;2019-10-25;Yes;6:4;nore2rmm;5;1;0;20;common;1;1
dsrvh3k0;2019-10-25;Yes;6:4;nore2rmm;5;1;0;20;liking;1;1
dsrvh3k0;2019-10-25;Yes;6:4;nore2rmm;5;1;0;20;close;1;1
dsrvh3k0;2019-10-25;Yes;6:4;p9ic6xnu;6;1;1;25;belong;6;3
dsrvh3k0;2019-10-25;Yes;6:4;p9ic6xnu;6;1;1;25;common;4;3
dsrvh3k0;2019-10-25;Yes;6:4;p9ic6xnu;6;1;1;25;liking;5;4
dsrvh3k0;2019-10-25;Yes;6:4;p9ic6xnu;6;1;1;25;close;4;2
dsrvh3k0;2019-10-25;Yes;6:4;tvo1oad6;7;1;0;21;belong;1;1
dsrvh3k0;2019-10-25;Yes;6:4;tvo1oad6;7;1;0;21;common;2;3
dsrvh3k0;2019-10-25;Yes;6:4;tvo1oad6;7;1;0;21;liking;4;3
dsrvh3k0;2019-10-25;Yes;6:4;tvo1oad6;7;1;0;21;close;3;2
dsrvh3k0;2019-10-25;Yes;6:4;41okhpms;8;2;1;24;belong;3;3
dsrvh3k0;2019-10-25;Yes;6:4;41okhpms;8;2;1;24;common;2;3
dsrvh3k0;2019-10-25;Yes;6:4;41okhpms;8;2;1;24;liking;4;4
dsrvh3k0;2019-10-25;Yes;6:4;41okhpms;8;2;1;24;close;2;2
dsrvh3k0;2019-10-25;Yes;6:4;ds8jl8m0;9;1;0;20;belong;2;1
dsrvh3k0;2019-10-25;Yes;6:4;ds8jl8m0;9;1;0;20;common;1;1
dsrvh3k0;2019-10-25;Yes;6:4;ds8jl8m0;9;1;0;20;liking;4;4
dsrvh3k0;2019-10-25;Yes;6:4;ds8jl8m0;9;1;0;20;close;2;2
dsrvh3k0;2019-10-25;Yes;6:4;c835p24s;10;1;0;22;belong;1;1
dsrvh3k0;2019-10-25;Yes;6:4;c835p24s;10;1;0;22;common;1;1
dsrvh3k0;2019-10-25;Yes;6:4;c835p24s;10;1;0;22;liking;1;1
dsrvh3k0;2019-10-25;Yes;6:4;c835p24s;10;1;0;22;close;1;1
r8zfkcwr;2019-10-26;No;6:4;5cr2rpio;1;1;1;26;belong;6;2
r8zfkcwr;2019-10-26;No;6:4;5cr2rpio;1;1;1;26;common;5;3
r8zfkcwr;2019-10-26;No;6:4;5cr2rpio;1;1;1;26;liking;6;5
r8zfkcwr;2019-10-26;No;6:4;5cr2rpio;1;1;1;26;close;4;2
r8zfkcwr;2019-10-26;No;6:4;9mvupwj5;2;2;0;21;belong;1;1
r8zfkcwr;2019-10-26;No;6:4;9mvupwj5;2;2;0;21;common;1;1
r8zfkcwr;2019-10-26;No;6:4;9mvupwj5;2;2;0;21;liking;2;2
r8zfkcwr;2019-10-26;No;6:4;9mvupwj5;2;2;0;21;close;1;1
r8zfkcwr;2019-10-26;No;6:4;8zz80urm;3;2;1;21;belong;5;6
r8zfkcwr;2019-10-26;No;6:4;8zz80urm;3;2;1;21;common;4;4
r8zfkcwr;2019-10-26;No;6:4;8zz80urm;3;2;1;21;liking;4;3
r8zfkcwr;2019-10-26;No;6:4;8zz80urm;3;2;1;21;close;4;4
r8zfkcwr;2019-10-26;No;6:4;c1moam44;4;1;0;22;belong;1;1
r8zfkcwr;2019-10-26;No;6:4;c1moam44;4;1;0;22;common;1;1
r8zfkcwr;2019-10-26;No;6:4;c1moam44;4;1;0;22;liking;1;7
r8zfkcwr;2019-10-26;No;6:4;c1moam44;4;1;0;22;close;1;7
r8zfkcwr;2019-10-26;No;6:4;9h6918vo;5;2;0;21;belong;5;3
r8zfkcwr;2019-10-26;No;6:4;9h6918vo;5;2;0;21;common;3;3
r8zfkcwr;2019-10-26;No;6:4;9h6918vo;5;2;0;21;liking;6;5
r8zfkcwr;2019-10-26;No;6:4;9h6918vo;5;2;0;21;close;5;6
r8zfkcwr;2019-10-26;No;6:4;ef4x9cyb;6;1;1;27;belong;7;1
r8zfkcwr;2019-10-26;No;6:4;ef4x9cyb;6;1;1;27;common;5;1
r8zfkcwr;2019-10-26;No;6:4;ef4x9cyb;6;1;1;27;liking;7;3
r8zfkcwr;2019-10-26;No;6:4;ef4x9cyb;6;1;1;27;close;7;2
r8zfkcwr;2019-10-26;No;6:4;6wnc8461;7;1;0;21;belong;2;5
r8zfkcwr;2019-10-26;No;6:4;6wnc8461;7;1;0;21;common;2;4
r8zfkcwr;2019-10-26;No;6:4;6wnc8461;7;1;0;21;liking;4;5
r8zfkcwr;2019-10-26;No;6:4;6wnc8461;7;1;0;21;close;3;2
r8zfkcwr;2019-10-26;No;6:4;reva6ofd;8;2;1;25;belong;1;2
r8zfkcwr;2019-10-26;No;6:4;reva6ofd;8;2;1;25;common;4;4
r8zfkcwr;2019-10-26;No;6:4;reva6ofd;8;2;1;25;liking;4;4
r8zfkcwr;2019-10-26;No;6:4;reva6ofd;8;2;1;25;close;2;2
r8zfkcwr;2019-10-26;No;6:4;n4a9cte0;9;1;1;23;belong;5;4
r8zfkcwr;2019-10-26;No;6:4;n4a9cte0;9;1;1;23;common;4;4
r8zfkcwr;2019-10-26;No;6:4;n4a9cte0;9;1;1;23;liking;4;7
r8zfkcwr;2019-10-26;No;6:4;n4a9cte0;9;1;1;23;close;3;5
r8zfkcwr;2019-10-26;No;6:4;1lghzhex;10;1;0;20;belong;6;5
r8zfkcwr;2019-10-26;No;6:4;1lghzhex;10;1;0;20;common;5;3
r8zfkcwr;2019-10-26;No;6:4;1lghzhex;10;1;0;20;liking;6;5
r8zfkcwr;2019-10-26;No;6:4;1lghzhex;10;1;0;20;close;5;4
8fgxmpj5;2019-10-25;Yes;7:3;04sysivc;1;1;0;21;belong;6;1
8fgxmpj5;2019-10-25;Yes;7:3;04sysivc;1;1;0;21;common;2;3
8fgxmpj5;2019-10-25;Yes;7:3;04sysivc;1;1;0;21;liking;5;5
8fgxmpj5;2019-10-25;Yes;7:3;04sysivc;1;1;0;21;close;3;1
8fgxmpj5;2019-10-25;Yes;7:3;d1gl72g3;2;1;1;18;belong;3;1
8fgxmpj5;2019-10-25;Yes;7:3;d1gl72g3;2;1;1;18;common;2;2
8fgxmpj5;2019-10-25;Yes;7:3;d1gl72g3;2;1;1;18;liking;6;2
8fgxmpj5;2019-10-25;Yes;7:3;d1gl72g3;2;1;1;18;close;2;2
8fgxmpj5;2019-10-25;Yes;7:3;9ouya93v;3;1;1;23;belong;4;1
8fgxmpj5;2019-10-25;Yes;7:3;9ouya93v;3;1;1;23;common;2;2
8fgxmpj5;2019-10-25;Yes;7:3;9ouya93v;3;1;1;23;liking;6;3
8fgxmpj5;2019-10-25;Yes;7:3;9ouya93v;3;1;1;23;close;4;1
8fgxmpj5;2019-10-25;Yes;7:3;e19mkea6;4;2;0;20;belong;4;3
8fgxmpj5;2019-10-25;Yes;7:3;e19mkea6;4;2;0;20;common;4;5
8fgxmpj5;2019-10-25;Yes;7:3;e19mkea6;4;2;0;20;liking;5;3
8fgxmpj5;2019-10-25;Yes;7:3;e19mkea6;4;2;0;20;close;5;3
8fgxmpj5;2019-10-25;Yes;7:3;hlqvxsuj;5;1;1;21;belong;2;1
8fgxmpj5;2019-10-25;Yes;7:3;hlqvxsuj;5;1;1;21;common;1;1
8fgxmpj5;2019-10-25;Yes;7:3;hlqvxsuj;5;1;1;21;liking;3;2
8fgxmpj5;2019-10-25;Yes;7:3;hlqvxsuj;5;1;1;21;close;2;1
8fgxmpj5;2019-10-25;Yes;7:3;fzcqtl5p;6;2;0;21;belong;3;3
8fgxmpj5;2019-10-25;Yes;7:3;fzcqtl5p;6;2;0;21;common;3;3
8fgxmpj5;2019-10-25;Yes;7:3;fzcqtl5p;6;2;0;21;liking;3;3
8fgxmpj5;2019-10-25;Yes;7:3;fzcqtl5p;6;2;0;21;close;3;3
8fgxmpj5;2019-10-25;Yes;7:3;apal5wet;7;1;1;21;belong;5;2
8fgxmpj5;2019-10-25;Yes;7:3;apal5wet;7;1;1;21;common;4;3
8fgxmpj5;2019-10-25;Yes;7:3;apal5wet;7;1;1;21;liking;5;3
8fgxmpj5;2019-10-25;Yes;7:3;apal5wet;7;1;1;21;close;4;3
8fgxmpj5;2019-10-25;Yes;7:3;djrh6pcf;8;2;1;20;belong;6;1
8fgxmpj5;2019-10-25;Yes;7:3;djrh6pcf;8;2;1;20;common;4;4
8fgxmpj5;2019-10-25;Yes;7:3;djrh6pcf;8;2;1;20;liking;5;3
8fgxmpj5;2019-10-25;Yes;7:3;djrh6pcf;8;2;1;20;close;4;2
8fgxmpj5;2019-10-25;Yes;7:3;7sbgx00m;9;1;1;20;belong;1;1
8fgxmpj5;2019-10-25;Yes;7:3;7sbgx00m;9;1;1;20;common;1;1
8fgxmpj5;2019-10-25;Yes;7:3;7sbgx00m;9;1;1;20;liking;5;5
8fgxmpj5;2019-10-25;Yes;7:3;7sbgx00m;9;1;1;20;close;1;1
8fgxmpj5;2019-10-25;Yes;7:3;dtqxn3wa;10;1;0;21;belong;2;2
8fgxmpj5;2019-10-25;Yes;7:3;dtqxn3wa;10;1;0;21;common;2;2
8fgxmpj5;2019-10-25;Yes;7:3;dtqxn3wa;10;1;0;21;liking;5;4
8fgxmpj5;2019-10-25;Yes;7:3;dtqxn3wa;10;1;0;21;close;2;2
jl5xq09c;2019-10-26;No;7:3;ldm4xlby;1;2;0;21;belong;6;3
jl5xq09c;2019-10-26;No;7:3;ldm4xlby;1;2;0;21;common;5;3
jl5xq09c;2019-10-26;No;7:3;ldm4xlby;1;2;0;21;liking;5;5
jl5xq09c;2019-10-26;No;7:3;ldm4xlby;1;2;0;21;close;5;4
jl5xq09c;2019-10-26;No;7:3;98x9aeqy;2;2;1;23;belong;4;2
jl5xq09c;2019-10-26;No;7:3;98x9aeqy;2;2;1;23;common;3;4
jl5xq09c;2019-10-26;No;7:3;98x9aeqy;2;2;1;23;liking;4;5
jl5xq09c;2019-10-26;No;7:3;98x9aeqy;2;2;1;23;close;3;4
jl5xq09c;2019-10-26;No;7:3;zvh621dr;3;1;0;22;belong;1;1
jl5xq09c;2019-10-26;No;7:3;zvh621dr;3;1;0;22;common;1;1
jl5xq09c;2019-10-26;No;7:3;zvh621dr;3;1;0;22;liking;1;1
jl5xq09c;2019-10-26;No;7:3;zvh621dr;3;1;0;22;close;1;1
jl5xq09c;2019-10-26;No;7:3;geax97qq;4;1;0;19;belong;2;1
jl5xq09c;2019-10-26;No;7:3;geax97qq;4;1;0;19;common;2;2
jl5xq09c;2019-10-26;No;7:3;geax97qq;4;1;0;19;liking;7;4
jl5xq09c;2019-10-26;No;7:3;geax97qq;4;1;0;19;close;3;3
jl5xq09c;2019-10-26;No;7:3;zmd4jgxx;5;1;0;22;belong;3;1
jl5xq09c;2019-10-26;No;7:3;zmd4jgxx;5;1;0;22;common;4;1
jl5xq09c;2019-10-26;No;7:3;zmd4jgxx;5;1;0;22;liking;3;2
jl5xq09c;2019-10-26;No;7:3;zmd4jgxx;5;1;0;22;close;2;1
jl5xq09c;2019-10-26;No;7:3;2kne1lx8;6;1;1;23;belong;4;1
jl5xq09c;2019-10-26;No;7:3;2kne1lx8;6;1;1;23;common;4;2
jl5xq09c;2019-10-26;No;7:3;2kne1lx8;6;1;1;23;liking;5;5
jl5xq09c;2019-10-26;No;7:3;2kne1lx8;6;1;1;23;close;5;2
jl5xq09c;2019-10-26;No;7:3;9podfgmp;7;1;0;21;belong;5;3
jl5xq09c;2019-10-26;No;7:3;9podfgmp;7;1;0;21;common;2;4
jl5xq09c;2019-10-26;No;7:3;9podfgmp;7;1;0;21;liking;3;6
jl5xq09c;2019-10-26;No;7:3;9podfgmp;7;1;0;21;close;1;3
jl5xq09c;2019-10-26;No;7:3;gmgg9bko;8;1;0;21;belong;5;3
jl5xq09c;2019-10-26;No;7:3;gmgg9bko;8;1;0;21;common;1;4
jl5xq09c;2019-10-26;No;7:3;gmgg9bko;8;1;0;21;liking;5;5
jl5xq09c;2019-10-26;No;7:3;gmgg9bko;8;1;0;21;close;5;3
jl5xq09c;2019-10-26;No;7:3;t9rnxftw;9;2;1;22;belong;6;3
jl5xq09c;2019-10-26;No;7:3;t9rnxftw;9;2;1;22;common;6;3
jl5xq09c;2019-10-26;No;7:3;t9rnxftw;9;2;1;22;liking;6;4
jl5xq09c;2019-10-26;No;7:3;t9rnxftw;9;2;1;22;close;7;3
jl5xq09c;2019-10-26;No;7:3;2wbr7uat;10;1;1;21;belong;7;1
jl5xq09c;2019-10-26;No;7:3;2wbr7uat;10;1;1;21;common;5;3
jl5xq09c;2019-10-26;No;7:3;2wbr7uat;10;1;1;21;liking;5;6
jl5xq09c;2019-10-26;No;7:3;2wbr7uat;10;1;1;21;close;5;3
2jkcce60;2020-12-05;Yes;6:4;9djz4ftv;1;1;1;21;belong;5;1
2jkcce60;2020-12-05;Yes;6:4;9djz4ftv;1;1;1;21;common;4;2
2jkcce60;2020-12-05;Yes;6:4;9djz4ftv;1;1;1;21;liking;5;3
2jkcce60;2020-12-05;Yes;6:4;9djz4ftv;1;1;1;21;close;4;1
2jkcce60;2020-12-05;Yes;6:4;nrr44lm5;2;2;1;20;belong;7;1
2jkcce60;2020-12-05;Yes;6:4;nrr44lm5;2;2;1;20;common;4;4
2jkcce60;2020-12-05;Yes;6:4;nrr44lm5;2;2;1;20;liking;6;5
2jkcce60;2020-12-05;Yes;6:4;nrr44lm5;2;2;1;20;close;4;4
2jkcce60;2020-12-05;Yes;6:4;v2jmg632;3;1;1;24;belong;4;1
2jkcce60;2020-12-05;Yes;6:4;v2jmg632;3;1;1;24;common;2;1
2jkcce60;2020-12-05;Yes;6:4;v2jmg632;3;1;1;24;liking;4;3
2jkcce60;2020-12-05;Yes;6:4;v2jmg632;3;1;1;24;close;3;1
2jkcce60;2020-12-05;Yes;6:4;wubv4g30;4;2;0;20;belong;6;2
2jkcce60;2020-12-05;Yes;6:4;wubv4g30;4;2;0;20;common;6;4
2jkcce60;2020-12-05;Yes;6:4;wubv4g30;4;2;0;20;liking;6;4
2jkcce60;2020-12-05;Yes;6:4;wubv4g30;4;2;0;20;close;5;4
2jkcce60;2020-12-05;Yes;6:4;f3b9yhvc;5;1;0;20;belong;1;1
2jkcce60;2020-12-05;Yes;6:4;f3b9yhvc;5;1;0;20;common;1;1
2jkcce60;2020-12-05;Yes;6:4;f3b9yhvc;5;1;0;20;liking;4;4
2jkcce60;2020-12-05;Yes;6:4;f3b9yhvc;5;1;0;20;close;1;1
2jkcce60;2020-12-05;Yes;6:4;gt8x3f8v;6;1;0;24;belong;7;1
2jkcce60;2020-12-05;Yes;6:4;gt8x3f8v;6;1;0;24;common;2;2
2jkcce60;2020-12-05;Yes;6:4;gt8x3f8v;6;1;0;24;liking;6;2
2jkcce60;2020-12-05;Yes;6:4;gt8x3f8v;6;1;0;24;close;2;1
2jkcce60;2020-12-05;Yes;6:4;n3cjvgov;7;2;0;20;belong;6;2
2jkcce60;2020-12-05;Yes;6:4;n3cjvgov;7;2;0;20;common;6;2
2jkcce60;2020-12-05;Yes;6:4;n3cjvgov;7;2;0;20;liking;6;2
2jkcce60;2020-12-05;Yes;6:4;n3cjvgov;7;2;0;20;close;6;2
2jkcce60;2020-12-05;Yes;6:4;8392arpb;8;2;1;23;belong;6;3
2jkcce60;2020-12-05;Yes;6:4;8392arpb;8;2;1;23;common;6;3
2jkcce60;2020-12-05;Yes;6:4;8392arpb;8;2;1;23;liking;7;3
2jkcce60;2020-12-05;Yes;6:4;8392arpb;8;2;1;23;close;6;3
2jkcce60;2020-12-05;Yes;6:4;3xp7vv9h;9;1;0;26;belong;2;1
2jkcce60;2020-12-05;Yes;6:4;3xp7vv9h;9;1;0;26;common;1;1
2jkcce60;2020-12-05;Yes;6:4;3xp7vv9h;9;1;0;26;liking;2;1
2jkcce60;2020-12-05;Yes;6:4;3xp7vv9h;9;1;0;26;close;2;1
2jkcce60;2020-12-05;Yes;6:4;buldhst0;10;1;1;23;belong;4;4
2jkcce60;2020-12-05;Yes;6:4;buldhst0;10;1;1;23;common;4;4
2jkcce60;2020-12-05;Yes;6:4;buldhst0;10;1;1;23;liking;5;5
2jkcce60;2020-12-05;Yes;6:4;buldhst0;10;1;1;23;close;3;4
pmjhv41a;2020-12-07;Yes;7:3;5d1sw2bq;1;2;1;21;belong;7;1
pmjhv41a;2020-12-07;Yes;7:3;5d1sw2bq;1;2;1;21;common;7;1
pmjhv41a;2020-12-07;Yes;7:3;5d1sw2bq;1;2;1;21;liking;7;7
pmjhv41a;2020-12-07;Yes;7:3;5d1sw2bq;1;2;1;21;close;7;3
pmjhv41a;2020-12-07;Yes;7:3;upblr6kc;2;1;1;20;belong;7;1
pmjhv41a;2020-12-07;Yes;7:3;upblr6kc;2;1;1;20;common;6;1
pmjhv41a;2020-12-07;Yes;7:3;upblr6kc;2;1;1;20;liking;7;1
pmjhv41a;2020-12-07;Yes;7:3;upblr6kc;2;1;1;20;close;6;1
pmjhv41a;2020-12-07;Yes;7:3;5a8dvizs;3;1;0;20;belong;2;1
pmjhv41a;2020-12-07;Yes;7:3;5a8dvizs;3;1;0;20;common;2;1
pmjhv41a;2020-12-07;Yes;7:3;5a8dvizs;3;1;0;20;liking;2;1
pmjhv41a;2020-12-07;Yes;7:3;5a8dvizs;3;1;0;20;close;2;1
pmjhv41a;2020-12-07;Yes;7:3;0h3liffd;4;2;0;20;belong;7;1
pmjhv41a;2020-12-07;Yes;7:3;0h3liffd;4;2;0;20;common;7;1
pmjhv41a;2020-12-07;Yes;7:3;0h3liffd;4;2;0;20;liking;7;1
pmjhv41a;2020-12-07;Yes;7:3;0h3liffd;4;2;0;20;close;7;1
pmjhv41a;2020-12-07;Yes;7:3;4apelt01;5;1;0;27;belong;6;1
pmjhv41a;2020-12-07;Yes;7:3;4apelt01;5;1;0;27;common;4;1
pmjhv41a;2020-12-07;Yes;7:3;4apelt01;5;1;0;27;liking;6;2
pmjhv41a;2020-12-07;Yes;7:3;4apelt01;5;1;0;27;close;4;3
pmjhv41a;2020-12-07;Yes;7:3;1rfo7zrz;6;1;0;27;belong;2;1
pmjhv41a;2020-12-07;Yes;7:3;1rfo7zrz;6;1;0;27;common;2;2
pmjhv41a;2020-12-07;Yes;7:3;1rfo7zrz;6;1;0;27;liking;2;4
pmjhv41a;2020-12-07;Yes;7:3;1rfo7zrz;6;1;0;27;close;1;2
pmjhv41a;2020-12-07;Yes;7:3;s0b126d2;7;2;0;27;belong;7;1
pmjhv41a;2020-12-07;Yes;7:3;s0b126d2;7;2;0;27;common;6;1
pmjhv41a;2020-12-07;Yes;7:3;s0b126d2;7;2;0;27;liking;7;4
pmjhv41a;2020-12-07;Yes;7:3;s0b126d2;7;2;0;27;close;7;2
pmjhv41a;2020-12-07;Yes;7:3;1bj429z8;8;1;1;21;belong;7;1
pmjhv41a;2020-12-07;Yes;7:3;1bj429z8;8;1;1;21;common;6;1
pmjhv41a;2020-12-07;Yes;7:3;1bj429z8;8;1;1;21;liking;7;3
pmjhv41a;2020-12-07;Yes;7:3;1bj429z8;8;1;1;21;close;5;1
pmjhv41a;2020-12-07;Yes;7:3;u3108oqo;9;1;0;30;belong;5;1
pmjhv41a;2020-12-07;Yes;7:3;u3108oqo;9;1;0;30;common;2;1
pmjhv41a;2020-12-07;Yes;7:3;u3108oqo;9;1;0;30;liking;7;1
pmjhv41a;2020-12-07;Yes;7:3;u3108oqo;9;1;0;30;close;5;1
pmjhv41a;2020-12-07;Yes;7:3;1wqfd5ix;10;1;0;31;belong;5;1
pmjhv41a;2020-12-07;Yes;7:3;1wqfd5ix;10;1;0;31;common;3;3
pmjhv41a;2020-12-07;Yes;7:3;1wqfd5ix;10;1;0;31;liking;5;4
pmjhv41a;2020-12-07;Yes;7:3;1wqfd5ix;10;1;0;31;close;4;2
pwdst6nm;2020-12-07;No;7:3;4hdy5q6r;1;1;0;34;belong;5;3
pwdst6nm;2020-12-07;No;7:3;4hdy5q6r;1;1;0;34;common;4;2
pwdst6nm;2020-12-07;No;7:3;4hdy5q6r;1;1;0;34;liking;4;3
pwdst6nm;2020-12-07;No;7:3;4hdy5q6r;1;1;0;34;close;4;2
pwdst6nm;2020-12-07;No;7:3;3dyo386f;2;2;0;32;belong;2;1
pwdst6nm;2020-12-07;No;7:3;3dyo386f;2;2;0;32;common;2;1
pwdst6nm;2020-12-07;No;7:3;3dyo386f;2;2;0;32;liking;2;1
pwdst6nm;2020-12-07;No;7:3;3dyo386f;2;2;0;32;close;1;1
pwdst6nm;2020-12-07;No;7:3;b9smxu8h;3;1;1;21;belong;3;5
pwdst6nm;2020-12-07;No;7:3;b9smxu8h;3;1;1;21;common;5;3
pwdst6nm;2020-12-07;No;7:3;b9smxu8h;3;1;1;21;liking;6;6
pwdst6nm;2020-12-07;No;7:3;b9smxu8h;3;1;1;21;close;5;4
pwdst6nm;2020-12-07;No;7:3;sk196yyi;4;1;1;22;belong;2;2
pwdst6nm;2020-12-07;No;7:3;sk196yyi;4;1;1;22;common;3;4
pwdst6nm;2020-12-07;No;7:3;sk196yyi;4;1;1;22;liking;6;6
pwdst6nm;2020-12-07;No;7:3;sk196yyi;4;1;1;22;close;2;5
pwdst6nm;2020-12-07;No;7:3;ijx8byrz;5;1;1;23;belong;1;1
pwdst6nm;2020-12-07;No;7:3;ijx8byrz;5;1;1;23;common;4;4
pwdst6nm;2020-12-07;No;7:3;ijx8byrz;5;1;1;23;liking;3;4
pwdst6nm;2020-12-07;No;7:3;ijx8byrz;5;1;1;23;close;1;1
pwdst6nm;2020-12-07;No;7:3;dkxym6tu;6;2;0;24;belong;7;6
pwdst6nm;2020-12-07;No;7:3;dkxym6tu;6;2;0;24;common;7;5
pwdst6nm;2020-12-07;No;7:3;dkxym6tu;6;2;0;24;liking;7;6
pwdst6nm;2020-12-07;No;7:3;dkxym6tu;6;2;0;24;close;4;4
pwdst6nm;2020-12-07;No;7:3;6px96250;7;2;1;24;belong;5;2
pwdst6nm;2020-12-07;No;7:3;6px96250;7;2;1;24;common;1;3
pwdst6nm;2020-12-07;No;7:3;6px96250;7;2;1;24;liking;4;7
pwdst6nm;2020-12-07;No;7:3;6px96250;7;2;1;24;close;5;2
pwdst6nm;2020-12-07;No;7:3;7g991re8;8;1;1;22;belong;7;1
pwdst6nm;2020-12-07;No;7:3;7g991re8;8;1;1;22;common;4;1
pwdst6nm;2020-12-07;No;7:3;7g991re8;8;1;1;22;liking;2;1
pwdst6nm;2020-12-07;No;7:3;7g991re8;8;1;1;22;close;3;1
pwdst6nm;2020-12-07;No;7:3;dveesp55;9;1;0;32;belong;1;1
pwdst6nm;2020-12-07;No;7:3;dveesp55;9;1;0;32;common;4;4
pwdst6nm;2020-12-07;No;7:3;dveesp55;9;1;0;32;liking;5;5
pwdst6nm;2020-12-07;No;7:3;dveesp55;9;1;0;32;close;3;2
pwdst6nm;2020-12-07;No;7:3;tbikai7t;10;1;1;21;belong;5;4
pwdst6nm;2020-12-07;No;7:3;tbikai7t;10;1;1;21;common;4;4
pwdst6nm;2020-12-07;No;7:3;tbikai7t;10;1;1;21;liking;6;6
pwdst6nm;2020-12-07;No;7:3;tbikai7t;10;1;1;21;close;4;2
in7qb1ov;2020-12-10;Yes;5:5;4gbl6hs5;1;2;0;29;belong;1;1
in7qb1ov;2020-12-10;Yes;5:5;4gbl6hs5;1;2;0;29;common;1;1
in7qb1ov;2020-12-10;Yes;5:5;4gbl6hs5;1;2;0;29;liking;1;1
in7qb1ov;2020-12-10;Yes;5:5;4gbl6hs5;1;2;0;29;close;1;1
in7qb1ov;2020-12-10;Yes;5:5;ymx2feg0;2;2;1;21;belong;6;2
in7qb1ov;2020-12-10;Yes;5:5;ymx2feg0;2;2;1;21;common;4;2
in7qb1ov;2020-12-10;Yes;5:5;ymx2feg0;2;2;1;21;liking;6;5
in7qb1ov;2020-12-10;Yes;5:5;ymx2feg0;2;2;1;21;close;6;4
in7qb1ov;2020-12-10;Yes;5:5;7hv85gtu;3;2;0;28;belong;6;2
in7qb1ov;2020-12-10;Yes;5:5;7hv85gtu;3;2;0;28;common;5;2
in7qb1ov;2020-12-10;Yes;5:5;7hv85gtu;3;2;0;28;liking;6;3
in7qb1ov;2020-12-10;Yes;5:5;7hv85gtu;3;2;0;28;close;5;2
in7qb1ov;2020-12-10;Yes;5:5;31styndi;4;1;1;26;belong;7;1
in7qb1ov;2020-12-10;Yes;5:5;31styndi;4;1;1;26;common;5;1
in7qb1ov;2020-12-10;Yes;5:5;31styndi;4;1;1;26;liking;7;1
in7qb1ov;2020-12-10;Yes;5:5;31styndi;4;1;1;26;close;5;1
in7qb1ov;2020-12-10;Yes;5:5;efmq2d0s;5;2;0;21;belong;1;1
in7qb1ov;2020-12-10;Yes;5:5;efmq2d0s;5;2;0;21;common;1;1
in7qb1ov;2020-12-10;Yes;5:5;efmq2d0s;5;2;0;21;liking;4;4
in7qb1ov;2020-12-10;Yes;5:5;efmq2d0s;5;2;0;21;close;1;1
in7qb1ov;2020-12-10;Yes;5:5;ofxo07mv;6;1;1;20;belong;1;2
in7qb1ov;2020-12-10;Yes;5:5;ofxo07mv;6;1;1;20;common;3;2
in7qb1ov;2020-12-10;Yes;5:5;ofxo07mv;6;1;1;20;liking;2;6
in7qb1ov;2020-12-10;Yes;5:5;ofxo07mv;6;1;1;20;close;1;2
in7qb1ov;2020-12-10;Yes;5:5;v4s2gh6r;7;2;1;27;belong;7;1
in7qb1ov;2020-12-10;Yes;5:5;v4s2gh6r;7;2;1;27;common;4;3
in7qb1ov;2020-12-10;Yes;5:5;v4s2gh6r;7;2;1;27;liking;5;4
in7qb1ov;2020-12-10;Yes;5:5;v4s2gh6r;7;2;1;27;close;5;2
in7qb1ov;2020-12-10;Yes;5:5;yekf0cc8;8;1;0;17;belong;5;1
in7qb1ov;2020-12-10;Yes;5:5;yekf0cc8;8;1;0;17;common;3;3
in7qb1ov;2020-12-10;Yes;5:5;yekf0cc8;8;1;0;17;liking;3;3
in7qb1ov;2020-12-10;Yes;5:5;yekf0cc8;8;1;0;17;close;3;1
in7qb1ov;2020-12-10;Yes;5:5;y11v9j5b;9;1;0;31;belong;5;1
in7qb1ov;2020-12-10;Yes;5:5;y11v9j5b;9;1;0;31;common;4;2
in7qb1ov;2020-12-10;Yes;5:5;y11v9j5b;9;1;0;31;liking;4;4
in7qb1ov;2020-12-10;Yes;5:5;y11v9j5b;9;1;0;31;close;4;1
in7qb1ov;2020-12-10;Yes;5:5;kxyyhn4n;10;1;1;25;belong;6;1
in7qb1ov;2020-12-10;Yes;5:5;kxyyhn4n;10;1;1;25;common;5;1
in7qb1ov;2020-12-10;Yes;5:5;kxyyhn4n;10;1;1;25;liking;7;1
in7qb1ov;2020-12-10;Yes;5:5;kxyyhn4n;10;1;1;25;close;5;1
6racb5is;2020-12-10;No;6:4;t7tphe0u;1;2;0;32;belong;1;1
6racb5is;2020-12-10;No;6:4;t7tphe0u;1;2;0;32;common;1;7
6racb5is;2020-12-10;No;6:4;t7tphe0u;1;2;0;32;liking;7;7
6racb5is;2020-12-10;No;6:4;t7tphe0u;1;2;0;32;close;5;7
6racb5is;2020-12-10;No;6:4;s7jczgjs;2;1;1;22;belong;7;4
6racb5is;2020-12-10;No;6:4;s7jczgjs;2;1;1;22;common;5;3
6racb5is;2020-12-10;No;6:4;s7jczgjs;2;1;1;22;liking;7;5
6racb5is;2020-12-10;No;6:4;s7jczgjs;2;1;1;22;close;6;3
6racb5is;2020-12-10;No;6:4;9z0fvgil;3;2;1;22;belong;2;1
6racb5is;2020-12-10;No;6:4;9z0fvgil;3;2;1;22;common;1;1
6racb5is;2020-12-10;No;6:4;9z0fvgil;3;2;1;22;liking;3;2
6racb5is;2020-12-10;No;6:4;9z0fvgil;3;2;1;22;close;2;1
6racb5is;2020-12-10;No;6:4;7fx9ygu2;4;2;0;21;belong;1;1
6racb5is;2020-12-10;No;6:4;7fx9ygu2;4;2;0;21;common;4;4
6racb5is;2020-12-10;No;6:4;7fx9ygu2;4;2;0;21;liking;4;4
6racb5is;2020-12-10;No;6:4;7fx9ygu2;4;2;0;21;close;1;1
6racb5is;2020-12-10;No;6:4;i5aw9mlf;5;1;1;24;belong;6;3
6racb5is;2020-12-10;No;6:4;i5aw9mlf;5;1;1;24;common;5;3
6racb5is;2020-12-10;No;6:4;i5aw9mlf;5;1;1;24;liking;6;3
6racb5is;2020-12-10;No;6:4;i5aw9mlf;5;1;1;24;close;4;2
6racb5is;2020-12-10;No;6:4;0sgceek0;6;2;1;26;belong;4;4
6racb5is;2020-12-10;No;6:4;0sgceek0;6;2;1;26;common;4;4
6racb5is;2020-12-10;No;6:4;0sgceek0;6;2;1;26;liking;4;4
6racb5is;2020-12-10;No;6:4;0sgceek0;6;2;1;26;close;4;4
6racb5is;2020-12-10;No;6:4;51tfrv9n;7;1;0;21;belong;1;1
6racb5is;2020-12-10;No;6:4;51tfrv9n;7;1;0;21;common;1;1
6racb5is;2020-12-10;No;6:4;51tfrv9n;7;1;0;21;liking;5;4
6racb5is;2020-12-10;No;6:4;51tfrv9n;7;1;0;21;close;1;1
6racb5is;2020-12-10;No;6:4;o2vnwgsk;8;1;0;22;belong;5;3
6racb5is;2020-12-10;No;6:4;o2vnwgsk;8;1;0;22;common;4;4
6racb5is;2020-12-10;No;6:4;o2vnwgsk;8;1;0;22;liking;5;5
6racb5is;2020-12-10;No;6:4;o2vnwgsk;8;1;0;22;close;4;4
6racb5is;2020-12-10;No;6:4;7l2g9imq;9;1;0;25;belong;4;4
6racb5is;2020-12-10;No;6:4;7l2g9imq;9;1;0;25;common;5;4
6racb5is;2020-12-10;No;6:4;7l2g9imq;9;1;0;25;liking;4;3
6racb5is;2020-12-10;No;6:4;7l2g9imq;9;1;0;25;close;4;5
6racb5is;2020-12-10;No;6:4;dc0rnsx0;10;1;0;22;belong;2;2
6racb5is;2020-12-10;No;6:4;dc0rnsx0;10;1;0;22;common;2;4
6racb5is;2020-12-10;No;6:4;dc0rnsx0;10;1;0;22;liking;4;4
6racb5is;2020-12-10;No;6:4;dc0rnsx0;10;1;0;22;close;1;2
eh5k6505;2020-12-11;No;5:5;tdzl4h9r;1;1;1;22;belong;4;4
eh5k6505;2020-12-11;No;5:5;tdzl4h9r;1;1;1;22;common;4;4
eh5k6505;2020-12-11;No;5:5;tdzl4h9r;1;1;1;22;liking;4;4
eh5k6505;2020-12-11;No;5:5;tdzl4h9r;1;1;1;22;close;4;4
eh5k6505;2020-12-11;No;5:5;kpzevdfh;2;1;0;29;belong;1;1
eh5k6505;2020-12-11;No;5:5;kpzevdfh;2;1;0;29;common;1;1
eh5k6505;2020-12-11;No;5:5;kpzevdfh;2;1;0;29;liking;2;4
eh5k6505;2020-12-11;No;5:5;kpzevdfh;2;1;0;29;close;2;4
eh5k6505;2020-12-11;No;5:5;46cml7vq;3;2;1;23;belong;6;1
eh5k6505;2020-12-11;No;5:5;46cml7vq;3;2;1;23;common;2;3
eh5k6505;2020-12-11;No;5:5;46cml7vq;3;2;1;23;liking;3;4
eh5k6505;2020-12-11;No;5:5;46cml7vq;3;2;1;23;close;3;3
eh5k6505;2020-12-11;No;5:5;ka4xc3r9;4;1;0;19;belong;5;2
eh5k6505;2020-12-11;No;5:5;ka4xc3r9;4;1;0;19;common;4;3
eh5k6505;2020-12-11;No;5:5;ka4xc3r9;4;1;0;19;liking;4;3
eh5k6505;2020-12-11;No;5:5;ka4xc3r9;4;1;0;19;close;4;2
eh5k6505;2020-12-11;No;5:5;50vb7qgp;5;1;0;29;belong;4;4
eh5k6505;2020-12-11;No;5:5;50vb7qgp;5;1;0;29;common;4;4
eh5k6505;2020-12-11;No;5:5;50vb7qgp;5;1;0;29;liking;4;4
eh5k6505;2020-12-11;No;5:5;50vb7qgp;5;1;0;29;close;4;4
eh5k6505;2020-12-11;No;5:5;8mippjyw;6;2;1;22;belong;5;1
eh5k6505;2020-12-11;No;5:5;8mippjyw;6;2;1;22;common;3;5
eh5k6505;2020-12-11;No;5:5;8mippjyw;6;2;1;22;liking;5;5
eh5k6505;2020-12-11;No;5:5;8mippjyw;6;2;1;22;close;1;1
eh5k6505;2020-12-11;No;5:5;yfw5eudo;7;2;1;22;belong;6;2
eh5k6505;2020-12-11;No;5:5;yfw5eudo;7;2;1;22;common;4;4
eh5k6505;2020-12-11;No;5:5;yfw5eudo;7;2;1;22;liking;4;4
eh5k6505;2020-12-11;No;5:5;yfw5eudo;7;2;1;22;close;4;4
eh5k6505;2020-12-11;No;5:5;sc8v96mf;8;2;1;24;belong;1;1
eh5k6505;2020-12-11;No;5:5;sc8v96mf;8;2;1;24;common;1;1
eh5k6505;2020-12-11;No;5:5;sc8v96mf;8;2;1;24;liking;7;7
eh5k6505;2020-12-11;No;5:5;sc8v96mf;8;2;1;24;close;1;1
eh5k6505;2020-12-11;No;5:5;if4otla8;9;1;1;25;belong;1;1
eh5k6505;2020-12-11;No;5:5;if4otla8;9;1;1;25;common;1;1
eh5k6505;2020-12-11;No;5:5;if4otla8;9;1;1;25;liking;1;2
eh5k6505;2020-12-11;No;5:5;if4otla8;9;1;1;25;close;1;1
eh5k6505;2020-12-11;No;5:5;uo9zgddd;10;2;1;22;belong;6;1
eh5k6505;2020-12-11;No;5:5;uo9zgddd;10;2;1;22;common;5;3
eh5k6505;2020-12-11;No;5:5;uo9zgddd;10;2;1;22;liking;5;4
eh5k6505;2020-12-11;No;5:5;uo9zgddd;10;2;1;22;close;6;1
hv8wul63;2020-12-12;Yes;6:4;c093w9ym;1;2;1;24;belong;5;4
hv8wul63;2020-12-12;Yes;6:4;c093w9ym;1;2;1;24;common;3;5
hv8wul63;2020-12-12;Yes;6:4;c093w9ym;1;2;1;24;liking;6;6
hv8wul63;2020-12-12;Yes;6:4;c093w9ym;1;2;1;24;close;4;5
hv8wul63;2020-12-12;Yes;6:4;0v6lb4pq;2;2;0;21;belong;3;3
hv8wul63;2020-12-12;Yes;6:4;0v6lb4pq;2;2;0;21;common;2;4
hv8wul63;2020-12-12;Yes;6:4;0v6lb4pq;2;2;0;21;liking;3;5
hv8wul63;2020-12-12;Yes;6:4;0v6lb4pq;2;2;0;21;close;3;5
hv8wul63;2020-12-12;Yes;6:4;w64jy1j7;3;2;0;22;belong;5;1
hv8wul63;2020-12-12;Yes;6:4;w64jy1j7;3;2;0;22;common;6;1
hv8wul63;2020-12-12;Yes;6:4;w64jy1j7;3;2;0;22;liking;7;3
hv8wul63;2020-12-12;Yes;6:4;w64jy1j7;3;2;0;22;close;5;2
hv8wul63;2020-12-12;Yes;6:4;3a123v0t;4;1;0;31;belong;1;1
hv8wul63;2020-12-12;Yes;6:4;3a123v0t;4;1;0;31;common;1;1
hv8wul63;2020-12-12;Yes;6:4;3a123v0t;4;1;0;31;liking;1;1
hv8wul63;2020-12-12;Yes;6:4;3a123v0t;4;1;0;31;close;1;1
hv8wul63;2020-12-12;Yes;6:4;dypv2ldu;5;1;1;22;belong;5;3
hv8wul63;2020-12-12;Yes;6:4;dypv2ldu;5;1;1;22;common;4;4
hv8wul63;2020-12-12;Yes;6:4;dypv2ldu;5;1;1;22;liking;5;5
hv8wul63;2020-12-12;Yes;6:4;dypv2ldu;5;1;1;22;close;3;3
hv8wul63;2020-12-12;Yes;6:4;5p4r6an3;6;1;1;21;belong;6;2
hv8wul63;2020-12-12;Yes;6:4;5p4r6an3;6;1;1;21;common;5;2
hv8wul63;2020-12-12;Yes;6:4;5p4r6an3;6;1;1;21;liking;5;3
hv8wul63;2020-12-12;Yes;6:4;5p4r6an3;6;1;1;21;close;4;1
hv8wul63;2020-12-12;Yes;6:4;gwz617pp;7;1;0;21;belong;7;1
hv8wul63;2020-12-12;Yes;6:4;gwz617pp;7;1;0;21;common;5;4
hv8wul63;2020-12-12;Yes;6:4;gwz617pp;7;1;0;21;liking;6;6
hv8wul63;2020-12-12;Yes;6:4;gwz617pp;7;1;0;21;close;4;2
hv8wul63;2020-12-12;Yes;6:4;31ugeisa;8;1;1;20;belong;4;1
hv8wul63;2020-12-12;Yes;6:4;31ugeisa;8;1;1;20;common;2;3
hv8wul63;2020-12-12;Yes;6:4;31ugeisa;8;1;1;20;liking;4;5
hv8wul63;2020-12-12;Yes;6:4;31ugeisa;8;1;1;20;close;1;1
hv8wul63;2020-12-12;Yes;6:4;hclemoox;9;1;1;23;belong;1;6
hv8wul63;2020-12-12;Yes;6:4;hclemoox;9;1;1;23;common;2;6
hv8wul63;2020-12-12;Yes;6:4;hclemoox;9;1;1;23;liking;1;7
hv8wul63;2020-12-12;Yes;6:4;hclemoox;9;1;1;23;close;1;6
hv8wul63;2020-12-12;Yes;6:4;bkzvpbw1;10;2;0;21;belong;6;3
hv8wul63;2020-12-12;Yes;6:4;bkzvpbw1;10;2;0;21;common;4;3
hv8wul63;2020-12-12;Yes;6:4;bkzvpbw1;10;2;0;21;liking;5;5
hv8wul63;2020-12-12;Yes;6:4;bkzvpbw1;10;2;0;21;close;5;3
ntav3a82;2020-12-18;No;6:4;yx9y6i73;1;2;1;27;belong;7;3
ntav3a82;2020-12-18;No;6:4;yx9y6i73;1;2;1;27;common;6;4
ntav3a82;2020-12-18;No;6:4;yx9y6i73;1;2;1;27;liking;7;6
ntav3a82;2020-12-18;No;6:4;yx9y6i73;1;2;1;27;close;7;5
ntav3a82;2020-12-18;No;6:4;yndjbzl6;2;1;1;22;belong;4;1
ntav3a82;2020-12-18;No;6:4;yndjbzl6;2;1;1;22;common;3;2
ntav3a82;2020-12-18;No;6:4;yndjbzl6;2;1;1;22;liking;3;5
ntav3a82;2020-12-18;No;6:4;yndjbzl6;2;1;1;22;close;1;4
ntav3a82;2020-12-18;No;6:4;1vajtu1u;3;2;1;23;belong;6;1
ntav3a82;2020-12-18;No;6:4;1vajtu1u;3;2;1;23;common;2;2
ntav3a82;2020-12-18;No;6:4;1vajtu1u;3;2;1;23;liking;2;4
ntav3a82;2020-12-18;No;6:4;1vajtu1u;3;2;1;23;close;1;2
ntav3a82;2020-12-18;No;6:4;2oxl083g;4;1;0;23;belong;2;1
ntav3a82;2020-12-18;No;6:4;2oxl083g;4;1;0;23;common;1;2
ntav3a82;2020-12-18;No;6:4;2oxl083g;4;1;0;23;liking;3;2
ntav3a82;2020-12-18;No;6:4;2oxl083g;4;1;0;23;close;2;2
ntav3a82;2020-12-18;No;6:4;64m7rtpf;5;1;0;32;belong;2;2
ntav3a82;2020-12-18;No;6:4;64m7rtpf;5;1;0;32;common;2;2
ntav3a82;2020-12-18;No;6:4;64m7rtpf;5;1;0;32;liking;4;4
ntav3a82;2020-12-18;No;6:4;64m7rtpf;5;1;0;32;close;3;2
ntav3a82;2020-12-18;No;6:4;kf0dvjn0;6;2;0;23;belong;5;1
ntav3a82;2020-12-18;No;6:4;kf0dvjn0;6;2;0;23;common;5;4
ntav3a82;2020-12-18;No;6:4;kf0dvjn0;6;2;0;23;liking;5;4
ntav3a82;2020-12-18;No;6:4;kf0dvjn0;6;2;0;23;close;2;2
ntav3a82;2020-12-18;No;6:4;wsy6eiq4;7;1;1;22;belong;4;4
ntav3a82;2020-12-18;No;6:4;wsy6eiq4;7;1;1;22;common;4;4
ntav3a82;2020-12-18;No;6:4;wsy6eiq4;7;1;1;22;liking;4;4
ntav3a82;2020-12-18;No;6:4;wsy6eiq4;7;1;1;22;close;4;4
ntav3a82;2020-12-18;No;6:4;7r9c4jro;8;2;0;22;belong;1;1
ntav3a82;2020-12-18;No;6:4;7r9c4jro;8;2;0;22;common;1;1
ntav3a82;2020-12-18;No;6:4;7r9c4jro;8;2;0;22;liking;1;1
ntav3a82;2020-12-18;No;6:4;7r9c4jro;8;2;0;22;close;1;1
ntav3a82;2020-12-18;No;6:4;ty5eovmg;9;1;1;26;belong;3;2
ntav3a82;2020-12-18;No;6:4;ty5eovmg;9;1;1;26;common;3;2
ntav3a82;2020-12-18;No;6:4;ty5eovmg;9;1;1;26;liking;3;2
ntav3a82;2020-12-18;No;6:4;ty5eovmg;9;1;1;26;close;3;2
ntav3a82;2020-12-18;No;6:4;aonis5z6;10;1;0;32;belong;2;5
ntav3a82;2020-12-18;No;6:4;aonis5z6;10;1;0;32;common;2;5
ntav3a82;2020-12-18;No;6:4;aonis5z6;10;1;0;32;liking;2;6
ntav3a82;2020-12-18;No;6:4;aonis5z6;10;1;0;32;close;1;5
xpqavbw3;2020-12-21;Yes;7:3;u65uztum;1;2;1;25;belong;6;1
xpqavbw3;2020-12-21;Yes;7:3;u65uztum;1;2;1;25;common;4;2
xpqavbw3;2020-12-21;Yes;7:3;u65uztum;1;2;1;25;liking;5;4
xpqavbw3;2020-12-21;Yes;7:3;u65uztum;1;2;1;25;close;2;1
xpqavbw3;2020-12-21;Yes;7:3;0ec06y8h;2;1;1;22;belong;3;2
xpqavbw3;2020-12-21;Yes;7:3;0ec06y8h;2;1;1;22;common;2;2
xpqavbw3;2020-12-21;Yes;7:3;0ec06y8h;2;1;1;22;liking;5;4
xpqavbw3;2020-12-21;Yes;7:3;0ec06y8h;2;1;1;22;close;1;1
xpqavbw3;2020-12-21;Yes;7:3;74dgsrck;3;1;0;29;belong;6;2
xpqavbw3;2020-12-21;Yes;7:3;74dgsrck;3;1;0;29;common;6;2
xpqavbw3;2020-12-21;Yes;7:3;74dgsrck;3;1;0;29;liking;6;2
xpqavbw3;2020-12-21;Yes;7:3;74dgsrck;3;1;0;29;close;5;2
xpqavbw3;2020-12-21;Yes;7:3;pe24yy9r;4;1;1;23;belong;4;4
xpqavbw3;2020-12-21;Yes;7:3;pe24yy9r;4;1;1;23;common;4;4
xpqavbw3;2020-12-21;Yes;7:3;pe24yy9r;4;1;1;23;liking;4;4
xpqavbw3;2020-12-21;Yes;7:3;pe24yy9r;4;1;1;23;close;2;2
xpqavbw3;2020-12-21;Yes;7:3;ql9x4bl5;5;1;1;19;belong;2;1
xpqavbw3;2020-12-21;Yes;7:3;ql9x4bl5;5;1;1;19;common;4;4
xpqavbw3;2020-12-21;Yes;7:3;ql9x4bl5;5;1;1;19;liking;5;4
xpqavbw3;2020-12-21;Yes;7:3;ql9x4bl5;5;1;1;19;close;5;4
xpqavbw3;2020-12-21;Yes;7:3;p31szbbv;6;2;1;24;belong;5;1
xpqavbw3;2020-12-21;Yes;7:3;p31szbbv;6;2;1;24;common;3;1
xpqavbw3;2020-12-21;Yes;7:3;p31szbbv;6;2;1;24;liking;4;4
xpqavbw3;2020-12-21;Yes;7:3;p31szbbv;6;2;1;24;close;3;1
xpqavbw3;2020-12-21;Yes;7:3;4j2sbl3l;7;1;0;30;belong;7;1
xpqavbw3;2020-12-21;Yes;7:3;4j2sbl3l;7;1;0;30;common;3;1
xpqavbw3;2020-12-21;Yes;7:3;4j2sbl3l;7;1;0;30;liking;7;5
xpqavbw3;2020-12-21;Yes;7:3;4j2sbl3l;7;1;0;30;close;5;2
xpqavbw3;2020-12-21;Yes;7:3;w0bi8mv6;8;1;0;29;belong;5;2
xpqavbw3;2020-12-21;Yes;7:3;w0bi8mv6;8;1;0;29;common;4;4
xpqavbw3;2020-12-21;Yes;7:3;w0bi8mv6;8;1;0;29;liking;6;5
xpqavbw3;2020-12-21;Yes;7:3;w0bi8mv6;8;1;0;29;close;3;2
xpqavbw3;2020-12-21;Yes;7:3;d5mo0cbh;9;2;0;25;belong;6;1
xpqavbw3;2020-12-21;Yes;7:3;d5mo0cbh;9;2;0;25;common;4;4
xpqavbw3;2020-12-21;Yes;7:3;d5mo0cbh;9;2;0;25;liking;5;4
xpqavbw3;2020-12-21;Yes;7:3;d5mo0cbh;9;2;0;25;close;5;2
xpqavbw3;2020-12-21;Yes;7:3;9uqmpi2k;10;1;0;24;belong;6;1
xpqavbw3;2020-12-21;Yes;7:3;9uqmpi2k;10;1;0;24;common;3;3
xpqavbw3;2020-12-21;Yes;7:3;9uqmpi2k;10;1;0;24;liking;4;5
xpqavbw3;2020-12-21;Yes;7:3;9uqmpi2k;10;1;0;24;close;2;2
sxmrx7rr;2020-12-21;No;7:3;akgg2xzi;1;1;0;24;belong;4;1
sxmrx7rr;2020-12-21;No;7:3;akgg2xzi;1;1;0;24;common;2;4
sxmrx7rr;2020-12-21;No;7:3;akgg2xzi;1;1;0;24;liking;5;6
sxmrx7rr;2020-12-21;No;7:3;akgg2xzi;1;1;0;24;close;3;5
sxmrx7rr;2020-12-21;No;7:3;u59w0ioh;2;1;1;23;belong;5;4
sxmrx7rr;2020-12-21;No;7:3;u59w0ioh;2;1;1;23;common;4;4
sxmrx7rr;2020-12-21;No;7:3;u59w0ioh;2;1;1;23;liking;5;4
sxmrx7rr;2020-12-21;No;7:3;u59w0ioh;2;1;1;23;close;3;4
sxmrx7rr;2020-12-21;No;7:3;cztb9p3f;3;2;1;23;belong;2;6
sxmrx7rr;2020-12-21;No;7:3;cztb9p3f;3;2;1;23;common;2;6
sxmrx7rr;2020-12-21;No;7:3;cztb9p3f;3;2;1;23;liking;2;6
sxmrx7rr;2020-12-21;No;7:3;cztb9p3f;3;2;1;23;close;2;4
sxmrx7rr;2020-12-21;No;7:3;y7m9qac3;4;2;1;21;belong;2;3
sxmrx7rr;2020-12-21;No;7:3;y7m9qac3;4;2;1;21;common;3;3
sxmrx7rr;2020-12-21;No;7:3;y7m9qac3;4;2;1;21;liking;4;5
sxmrx7rr;2020-12-21;No;7:3;y7m9qac3;4;2;1;21;close;2;3
sxmrx7rr;2020-12-21;No;7:3;zod06fl3;5;1;0;30;belong;6;4
sxmrx7rr;2020-12-21;No;7:3;zod06fl3;5;1;0;30;common;6;4
sxmrx7rr;2020-12-21;No;7:3;zod06fl3;5;1;0;30;liking;6;5
sxmrx7rr;2020-12-21;No;7:3;zod06fl3;5;1;0;30;close;6;5
sxmrx7rr;2020-12-21;No;7:3;pbtrwu3c;6;1;0;31;belong;5;3
sxmrx7rr;2020-12-21;No;7:3;pbtrwu3c;6;1;0;31;common;4;3
sxmrx7rr;2020-12-21;No;7:3;pbtrwu3c;6;1;0;31;liking;4;4
sxmrx7rr;2020-12-21;No;7:3;pbtrwu3c;6;1;0;31;close;4;4
sxmrx7rr;2020-12-21;No;7:3;2m80eq7m;7;1;1;20;belong;6;1
sxmrx7rr;2020-12-21;No;7:3;2m80eq7m;7;1;1;20;common;2;1
sxmrx7rr;2020-12-21;No;7:3;2m80eq7m;7;1;1;20;liking;4;2
sxmrx7rr;2020-12-21;No;7:3;2m80eq7m;7;1;1;20;close;2;1
sxmrx7rr;2020-12-21;No;7:3;41cpth1z;8;1;1;20;belong;1;6
sxmrx7rr;2020-12-21;No;7:3;41cpth1z;8;1;1;20;common;1;6
sxmrx7rr;2020-12-21;No;7:3;41cpth1z;8;1;1;20;liking;2;7
sxmrx7rr;2020-12-21;No;7:3;41cpth1z;8;1;1;20;close;2;7
sxmrx7rr;2020-12-21;No;7:3;47ok1cxq;9;1;0;27;belong;5;2
sxmrx7rr;2020-12-21;No;7:3;47ok1cxq;9;1;0;27;common;5;3
sxmrx7rr;2020-12-21;No;7:3;47ok1cxq;9;1;0;27;liking;5;5
sxmrx7rr;2020-12-21;No;7:3;47ok1cxq;9;1;0;27;close;3;3
sxmrx7rr;2020-12-21;No;7:3;pbtkgrse;10;2;0;30;belong;2;2
sxmrx7rr;2020-12-21;No;7:3;pbtkgrse;10;2;0;30;common;2;3
sxmrx7rr;2020-12-21;No;7:3;pbtkgrse;10;2;0;30;liking;4;3
sxmrx7rr;2020-12-21;No;7:3;pbtkgrse;10;2;0;30;close;4;3
5o2w2nvx;2020-11-26;Yes;5:5;hwl11hrf;1;2;0;21;belong;6;1
5o2w2nvx;2020-11-26;Yes;5:5;hwl11hrf;1;2;0;21;common;5;2
5o2w2nvx;2020-11-26;Yes;5:5;hwl11hrf;1;2;0;21;liking;6;5
5o2w2nvx;2020-11-26;Yes;5:5;hwl11hrf;1;2;0;21;close;3;1
5o2w2nvx;2020-11-26;Yes;5:5;844y3c5c;2;1;1;24;belong;5;6
5o2w2nvx;2020-11-26;Yes;5:5;844y3c5c;2;1;1;24;common;5;6
5o2w2nvx;2020-11-26;Yes;5:5;844y3c5c;2;1;1;24;liking;5;6
5o2w2nvx;2020-11-26;Yes;5:5;844y3c5c;2;1;1;24;close;5;6
5o2w2nvx;2020-11-26;Yes;5:5;ns995mi1;3;2;1;21;belong;7;1
5o2w2nvx;2020-11-26;Yes;5:5;ns995mi1;3;2;1;21;common;3;3
5o2w2nvx;2020-11-26;Yes;5:5;ns995mi1;3;2;1;21;liking;6;5
5o2w2nvx;2020-11-26;Yes;5:5;ns995mi1;3;2;1;21;close;5;1
5o2w2nvx;2020-11-26;Yes;5:5;7k6wa6lg;4;1;1;27;belong;6;2
5o2w2nvx;2020-11-26;Yes;5:5;7k6wa6lg;4;1;1;27;common;2;2
5o2w2nvx;2020-11-26;Yes;5:5;7k6wa6lg;4;1;1;27;liking;7;4
5o2w2nvx;2020-11-26;Yes;5:5;7k6wa6lg;4;1;1;27;close;5;1
5o2w2nvx;2020-11-26;Yes;5:5;vfddfrt7;5;2;0;24;belong;5;4
5o2w2nvx;2020-11-26;Yes;5:5;vfddfrt7;5;2;0;24;common;4;4
5o2w2nvx;2020-11-26;Yes;5:5;vfddfrt7;5;2;0;24;liking;5;4
5o2w2nvx;2020-11-26;Yes;5:5;vfddfrt7;5;2;0;24;close;5;4
5o2w2nvx;2020-11-26;Yes;5:5;xaxetbv4;6;1;0;25;belong;5;2
5o2w2nvx;2020-11-26;Yes;5:5;xaxetbv4;6;1;0;25;common;5;2
5o2w2nvx;2020-11-26;Yes;5:5;xaxetbv4;6;1;0;25;liking;6;4
5o2w2nvx;2020-11-26;Yes;5:5;xaxetbv4;6;1;0;25;close;5;3
5o2w2nvx;2020-11-26;Yes;5:5;9b7u6b4o;7;1;0;23;belong;6;1
5o2w2nvx;2020-11-26;Yes;5:5;9b7u6b4o;7;1;0;23;common;4;1
5o2w2nvx;2020-11-26;Yes;5:5;9b7u6b4o;7;1;0;23;liking;7;4
5o2w2nvx;2020-11-26;Yes;5:5;9b7u6b4o;7;1;0;23;close;5;1
5o2w2nvx;2020-11-26;Yes;5:5;93ac5fpd;8;1;0;24;belong;7;1
5o2w2nvx;2020-11-26;Yes;5:5;93ac5fpd;8;1;0;24;common;1;1
5o2w2nvx;2020-11-26;Yes;5:5;93ac5fpd;8;1;0;24;liking;4;4
5o2w2nvx;2020-11-26;Yes;5:5;93ac5fpd;8;1;0;24;close;1;1
5o2w2nvx;2020-11-26;Yes;5:5;fus1anxm;9;2;1;24;belong;7;4
5o2w2nvx;2020-11-26;Yes;5:5;fus1anxm;9;2;1;24;common;6;4
5o2w2nvx;2020-11-26;Yes;5:5;fus1anxm;9;2;1;24;liking;6;7
5o2w2nvx;2020-11-26;Yes;5:5;fus1anxm;9;2;1;24;close;7;4
5o2w2nvx;2020-11-26;Yes;5:5;9s7f6ekp;10;2;0;24;belong;6;1
5o2w2nvx;2020-11-26;Yes;5:5;9s7f6ekp;10;2;0;24;common;3;3
5o2w2nvx;2020-11-26;Yes;5:5;9s7f6ekp;10;2;0;24;liking;5;2
5o2w2nvx;2020-11-26;Yes;5:5;9s7f6ekp;10;2;0;24;close;4;2
ze2zrklm;2020-11-26;No;5:5;04vup2wg;1;2;1;27;belong;7;2
ze2zrklm;2020-11-26;No;5:5;04vup2wg;1;2;1;27;common;4;4
ze2zrklm;2020-11-26;No;5:5;04vup2wg;1;2;1;27;liking;7;6
ze2zrklm;2020-11-26;No;5:5;04vup2wg;1;2;1;27;close;4;4
ze2zrklm;2020-11-26;No;5:5;d8aphly5;2;2;1;25;belong;5;1
ze2zrklm;2020-11-26;No;5:5;d8aphly5;2;2;1;25;common;4;3
ze2zrklm;2020-11-26;No;5:5;d8aphly5;2;2;1;25;liking;6;5
ze2zrklm;2020-11-26;No;5:5;d8aphly5;2;2;1;25;close;3;1
ze2zrklm;2020-11-26;No;5:5;2ho611uw;3;1;1;20;belong;2;1
ze2zrklm;2020-11-26;No;5:5;2ho611uw;3;1;1;20;common;1;1
ze2zrklm;2020-11-26;No;5:5;2ho611uw;3;1;1;20;liking;1;1
ze2zrklm;2020-11-26;No;5:5;2ho611uw;3;1;1;20;close;1;1
ze2zrklm;2020-11-26;No;5:5;p66w1qq6;4;2;0;27;belong;6;6
ze2zrklm;2020-11-26;No;5:5;p66w1qq6;4;2;0;27;common;6;5
ze2zrklm;2020-11-26;No;5:5;p66w1qq6;4;2;0;27;liking;6;4
ze2zrklm;2020-11-26;No;5:5;p66w1qq6;4;2;0;27;close;6;4
ze2zrklm;2020-11-26;No;5:5;vs8xspuu;5;1;1;28;belong;4;3
ze2zrklm;2020-11-26;No;5:5;vs8xspuu;5;1;1;28;common;4;3
ze2zrklm;2020-11-26;No;5:5;vs8xspuu;5;1;1;28;liking;5;3
ze2zrklm;2020-11-26;No;5:5;vs8xspuu;5;1;1;28;close;5;3
ze2zrklm;2020-11-26;No;5:5;jvnvslnt;6;2;0;29;belong;2;1
ze2zrklm;2020-11-26;No;5:5;jvnvslnt;6;2;0;29;common;1;1
ze2zrklm;2020-11-26;No;5:5;jvnvslnt;6;2;0;29;liking;1;1
ze2zrklm;2020-11-26;No;5:5;jvnvslnt;6;2;0;29;close;1;1
ze2zrklm;2020-11-26;No;5:5;f4m6ixqv;7;1;0;23;belong;6;1
ze2zrklm;2020-11-26;No;5:5;f4m6ixqv;7;1;0;23;common;3;3
ze2zrklm;2020-11-26;No;5:5;f4m6ixqv;7;1;0;23;liking;7;4
ze2zrklm;2020-11-26;No;5:5;f4m6ixqv;7;1;0;23;close;2;1
ze2zrklm;2020-11-26;No;5:5;hq7mmc1f;8;2;0;29;belong;5;1
ze2zrklm;2020-11-26;No;5:5;hq7mmc1f;8;2;0;29;common;4;1
ze2zrklm;2020-11-26;No;5:5;hq7mmc1f;8;2;0;29;liking;4;1
ze2zrklm;2020-11-26;No;5:5;hq7mmc1f;8;2;0;29;close;3;1
ze2zrklm;2020-11-26;No;5:5;l7dtkkz0;9;1;0;21;belong;2;1
ze2zrklm;2020-11-26;No;5:5;l7dtkkz0;9;1;0;21;common;4;1
ze2zrklm;2020-11-26;No;5:5;l7dtkkz0;9;1;0;21;liking;2;1
ze2zrklm;2020-11-26;No;5:5;l7dtkkz0;9;1;0;21;close;1;1
ze2zrklm;2020-11-26;No;5:5;ig1kpb8j;10;1;0;22;belong;1;1
ze2zrklm;2020-11-26;No;5:5;ig1kpb8j;10;1;0;22;common;1;1
ze2zrklm;2020-11-26;No;5:5;ig1kpb8j;10;1;0;22;liking;1;1
ze2zrklm;2020-11-26;No;5:5;ig1kpb8j;10;1;0;22;close;1;1
